,Nearest Neighbors,Linear SVM,RBF SVM,Decision Tree,Random Forest,Naive Bayes,Linear Discriminant Analysis,Quadratic Discriminant Analysis
Average score,0.5295902883156297,0.5553869499241275,0.547040971168437,0.5644916540212443,0.5606980273141123,0.5538694992412747,0.5462822458270106,0.5379362670713201
F1,0.5866666666666666,0.7141463414634147,0.6949412365866121,0.7147117296222665,0.6865186789388197,0.6888888888888889,0.6973684210526315,0.6884910485933504
MCC,0.041685520200925946,0.0,-0.0020808652829566936,0.07395225851450943,0.06236310075581207,0.036755722870570356,-0.012611033172567936,-0.03682969249177574
Precision,0.5729166666666666,0.5553869499241275,0.5551020408163265,0.56171875,0.568609865470852,0.5621761658031088,0.5538585209003215,0.5502861815208504
Predicted positive mean,0.582701062215478,1.0,0.9294385432473444,0.9711684370257967,0.84597875569044,0.8786039453717754,0.9438543247344461,0.9279210925644916
Real positive mean,0.5553869499241275,0.5553869499241275,0.5553869499241275,0.5553869499241275,0.5553869499241275,0.5553869499241275,0.5553869499241275,0.5553869499241275
Recall,0.6010928961748634,1.0,0.9289617486338798,0.98224043715847,0.8661202185792349,0.889344262295082,0.9412568306010929,0.9193989071038251
